Pokemon,Type,weather,weather_chance_nightmare,weather_chance_hard,weather_chance_normal,BossMove1,BossMove2,BossMove3,BossMove4,BossMove1NonNightmare,BossMove2NonNightmare,BossMove3NonNightmare,BossMove4NonNightmare,BossAtk,BossSpAtk,BossDef,BossSpDef,Minion1,Minion1Atk,Minion1SpAtk,Minion1Def,Minion1SpDef,Minion1Move1,Minion1Move2,Minion1Move3,Minion1Move4,Minion1Move1NonNightmare,Minion1Move2NonNightmare,Minion1Move3NonNightmare,Minion1Move4NonNightmare,Minion2,Minion2Atk,Minion2SpAtk,Minion2Def,Minion2SpDef,Minion2Move1,Minion2Move2,Minion2Move3,Minion2Move4,Minion2Move1NonNightmare,Minion2Move2NonNightmare,Minion2Move3NonNightmare,Minion2Move4NonNightmare
Heracross,Bug,,,,,Megahorn,Brick Break,Rock Slide,Bulk Up,Megahorn,Brick Break,Rock Slide,Fury Cutter,high,low,medium,high,Beedrill,high,low,low,high,Twineedle,Pin Missile,Focus Energy,Agility,Twineedle,Fury Cutter,Megahorn,Fury Cutter,Butterfree,low,high,low,high,Fury Cutter,Confusion,Sleep Powder,Whirlwind,Fury Cutter,Confusion,Megahorn,Brick Break
Scizor,Bug,,,,,Fury Cutter,Steel Wing,Double Team,Aerial Ace,Fury Cutter,Steel Wing,Aerial Ace,Megahorn,high,low,high,medium,Scyther,high,low,medium,medium,Wing Attack,Fury Cutter,Agility,Swords Dance,Wing Attack,Fury Cutter,Megahorn,Fury Cutter,Scyther,high,low,medium,medium,Wing Attack,Fury Cutter,Agility,Swords Dance,Wing Attack,Fury Cutter,Megahorn,Fury Cutter
Absol,Dark,,,,,Bite,Slash,Swords Dance,Quick Attack,Bite,Slash,Quick Attack,Crunch,high,medium,low,low,Sableye,medium,low,medium,low,Shadow Ball,Knock Off,Night Shade,Confuse Ray,Shadow Ball,Knock Off,Shadow Ball,Crunch,Mightyena,high,low,medium,low,Bite,Crunch,Howl,Sand Attack,Bite,Crunch,Slash,Shadow Ball
Shiftry,Dark,,,,,Razor Leaf,Nature Power,Extrasensory,Fake Out,Razor Leaf,Nature Power,Extrasensory,Fake Out,high,medium,low,low,Crawdaunt,high,high,medium,low,Crabhammer,Crunch,Swords Dance,Protect,Crabhammer,Crunch,Bite,Slash,Sharpedo,high,medium,low,low,Crunch,Water Pulse,Screech,Agility,Crunch,Water Pulse,Bite,Slash
Latias,Dragon,,,,,Mist Ball,DragonBreath,Calm Mind,Ice Beam,Mist Ball,DragonBreath,Ice Beam,Luster Purge,low,high,medium,high,Dragonite,high,high,medium,medium,Wing Attack,Thunder Wave,Dragon Claw,Agility,Wing Attack,Dragon Claw,Mist Ball,Luster Purge,Kingdra,medium,medium,medium,medium,Hydro Pump,Twister,Agility,Ice Beam,Hydro Pump,Twister,Ice Beam,Mist Ball
Latios,Dragon,,,,,Luster Purge,DragonBreath,Calm Mind,Thunderbolt,Luster Purge,DragonBreath,Thunderbolt,Mist Ball,medium,high,low,high,Salamence,high,high,medium,medium,Dragon Claw,Crunch,Fly,Dragon Dance,Dragon Claw,Crunch,Fly,Mist Ball,Flygon,high,medium,medium,medium,Earthquake,DragonBreath,Sandstorm,Crunch,Earthquake,DragonBreath,Crunch,Mist Ball
Zapdos,Electric,,,,,Drill Peck,Thunderbolt,Thunder Wave,Agility,Drill Peck,Thunderbolt,Spark,Iron Tail,medium,high,medium,medium,Raichu,high,high,low,medium,Thunderbolt,Quick Attack,Thunder Wave,Iron Tail,Thunderbolt,Quick Attack,Iron Tail,Spark,Manectric,medium,high,low,low,Spark,Bite,Roar,Quick Attack,Spark,Bite,Quick Attack,Thunderbolt
Raikou,Electric,,,,,Thunderbolt,Spark,Bite,Reflect,Thunderbolt,Spark,Bite,Drill Peck,medium,high,low,high,Jolteon,low,high,low,high,Thunderbolt,Double Kick,Agility,Pin Missile,Thunderbolt,Double Kick,Fury Cutter,Spark,Jolteon,low,high,low,high,Thunderbolt,Double Kick,Agility,Pin Missile,Thunderbolt,Double Kick,Fury Cutter,Spark
Machamp,Fighting,,,,,Cross Chop,Vital Throw,Rock Slide,Bulk Up,Cross Chop,Vital Throw,Rock Slide,Brick Break,high,low,medium,medium,Hitmonlee,high,low,low,high,Hi Jump Kick,Brick Break,Bulk Up,Focus Energy,Hi Jump Kick,Brick Break,Cross Chop,Vital Throw,Hitmonchan,high,low,medium,high,Sky Uppercut,ThunderPunch,Ice Punch,Agility,Sky Uppercut,ThunderPunch,Ice Punch,Cross Chop
Medicham,Fighting,,,,,Hi Jump Kick,Psychic,Detect,Ice Punch,Hi Jump Kick,Psychic,Ice Punch,Cross Chop,low,low,medium,medium,Breloom,high,low,medium,low,Sky Uppercut,Mach Punch,Mega Punch,Stun Spore,Sky Uppercut,Mach Punch,Mega Punch,Cross Chop,Hariyama,high,low,low,low,Cross Chop,Belly Drum,Fake Out,Knock Off,Cross Chop,Fake Out,Knock Off,Brick Break
Moltres,Fire,Sunny,1,0.6,0,Fire Punch,Wing Attack,Agility,Fire Spin,Fire Punch,Wing Attack,Fire Spin,Fire Blast,high,high,medium,medium,Charizard,medium,high,medium,medium,Fire Punch,Wing Attack,Slash,Smokescreen,Fire Punch,Wing Attack,Slash,Fire Blast,Typhlosion,medium,high,medium,medium,Fire Punch,Swift,Quick Attack,Smokescreen,Fire Punch,Swift,Quick Attack,Fire Blast
Entei,Fire,Sunny,1,0.6,0,Fire Punch,Stomp,Roar,Fire Spin,Fire Punch,Stomp,Fire Spin,Fire Blast,high,medium,medium,low,Flareon,high,medium,low,high,Fire Punch,Bite,Quick Attack,Sand Attack,Fire Punch,Bite,Quick Attack,Fire Blast,Flareon,high,medium,low,high,Fire Punch,Bite,Quick Attack,Sand Attack,Fire Punch,Bite,Quick Attack,Fire Blast
Ho-Oh,Flying,,,,,Sacred Fire,Gust,Fly,Fire Blast,Sacred Fire,Gust,Fly,Fire Blast,high,high,medium,high,Swellow,high,low,low,low,Wing Attack,Quick Attack,Aerial Ace,Focus Energy,Wing Attack,Quick Attack,Aerial Ace,Dragon Claw,Pidgeot,medium,low,medium,low,Wing Attack,Sand-Attack,Quick Attack,FeatherDance,Wing Attack,Quick Attack,Dragon Claw,Fly
Rayquaza,Flying,,,,,Dragon Claw,Crunch,Hyper Beam,Dragon Dance,Dragon Claw,Crunch,Hyper Beam,Wing Attack,high,high,medium,medium,Aerodactyl,high,low,low,medium,Rock Slide,Wing Attack,Agility,Bite,Rock Slide,Wing Attack,Bite,Dragon Claw,Altaria,low,low,high,high,DragonBreath,Sing,Safeguard,Fly,DragonBreath,Fly,Dragon Claw,Wing Attack
Gengar,Ghost,,,,,Shadow Ball,Hypnosis,Dream Eater,Thunderbolt,Shadow Ball,Dream Eater,Thunderbolt,Shadow Punch,low,high,low,medium,Banette,high,medium,low,low,Shadow Ball,Will-O-Wisp,Knock Off,Screech,Shadow Ball,Knock Off,Shadow Punch,Thunderbolt,Shedinja,high,low,low,low,Shadow Ball,Fury Cutter,Swords Dance,Agility,Shadow Ball,Fury Cutter,Shadow Punch,Thunderbolt
Dusclops,Ghost,,,,,Shadow Punch,Will-O-Wisp,Earthquake,Protect,Shadow Punch,Earthquake,Shadow Ball,Thunderbolt,low,low,high,high,Sableye,medium,low,medium,low,Shadow Ball,Faint Attack,Night Shade,Confuse Ray,Shadow Ball,Faint Attack,Shadow Ball,Shadow Punch,Misdreavus,low,high,low,high,Shadow Ball,Psybeam,Confuse Ray,Mean Look,Shadow Ball,Psybeam,Shadow Punch,Thunderbolt
Celebi,Grass,,,,,Psychic,Future Sight,AncientPower,Solarbeam,Psychic,Future Sight,AncientPower,Solarbeam,medium,medium,medium,medium,Tropius,low,low,medium,medium,Razor Leaf,Gust,Stun Spore,Aerial Ace,Razor Leaf,Gust,Aerial Ace,Solarbeam,Exeggutor,medium,high,medium,low,Psychic,Egg Bomb,Stun Spore,Reflect,Psychic,Psychic,Solarbeam,Leaf Blade
Venusaur,Grass,Sunny,1,0.6,0,Solarbeam,Sleep Powder,Sludge Bomb,Earthquake,Solarbeam,Sludge Bomb,Earthquake,Leaf Blade,medium,high,medium,high,Meganium,medium,medium,high,high,Razor Leaf,Body Slam,Light Screen,PoisonPowder,Razor Leaf,Body Slam,Solarbeam,Leaf Blade,Sceptile,medium,high,low,medium,Leaf Blade,Quick Attack,Agility,Pursuit,Leaf Blade,Quick Attack,Crunch,Solarbeam
Groudon,Ground,,,,,Earthquake,AncientPower,Slash,Bulk Up,Earthquake,AncientPower,Slash,Rock Slide,high,medium,high,medium,Rhydon,high,low,high,low,Earthquake,Rock Blast,Scary Face,Protect,Earthquake,Rock Blast,Rock Slide,AncientPower,Onix,low,low,high,low,Rock Slide,Rock Throw,Screech,Bind,Rock Slide,Rock Throw,Bind,Earthquake
Claydol,Ground,,,,,AncientPower,Psychic,Hyper Beam,Reflect,AncientPower,Psychic,Hyper Beam,Earthquake,low,low,high,high,Solrock,high,low,medium,low,Rock Slide,Psychic,Light Screen,Explosion,Rock Slide,Psychic,Explosion,Earthquake,Lunatone,low,high,low,medium,Psychic,Rock Throw,Hypnosis,Cosmic Power,Psychic,Rock Throw,Earthquake,Rock Slide
Articuno,Ice,Snow,1,0.6,0,Ice Beam,Gust,Agility,Mind Reader,Ice Beam,Gust,Aurora Beam,Icy Wind,medium,medium,high,high,Dewgong,low,low,medium,high,Aurora Beam,Surf,Ice Beam,Encore,Aurora Beam,Surf,Ice Beam,Icy Wind,Cloyster,high,medium,high,low,Aurora Beam,Protect,Spike Cannon,Supersonic,Aurora Beam,Spike Cannon,Ice Beam,Icy Wind
Regice,Ice,Hail,1,0.6,0,Ice Beam,Amnesia,Icy Wind,Explosion,Ice Beam,Icy Wind,Explosion,Aurora Beam,low,high,high,high,Glalie,medium,medium,medium,medium,Ice Beam,Crunch,Headbutt,Bite,Ice Beam,Crunch,Headbutt,Bite,Walrein,medium,medium,medium,medium,Surf,Body Slam,Ice Beam,Encore,Surf,Body Slam,Ice Beam,Aurora Beam
Mewtwo,Normal,,,,,Psychic,Thunderbolt,Barrier,Swift,Psychic,Thunderbolt,Swift,Strength,medium,high,medium,medium,Tauros,high,low,high,medium,Strength,Take Down,Scary Face,Pursuit,Strength,Take Down,Crunch,Psychic,Ursaring,high,medium,medium,medium,Slash,Strength,Fury Swipes,Earthquake,Slash,Strength,Slash,Earthquake
Mew,Normal,,,,,Psychic,Reflect,Mega Punch,Metronome,Psychic,Mega Punch,Thunderbolt,Swift,medium,medium,medium,medium,Togetic,low,medium,high,high,Metronome,AncientPower,Encore,Safeguard,AncientPower,Psychic,Thunderbolt,Swift,Porygon2,medium,high,medium,high,Tri Attack,Ice Beam,Psychic,Agility,Tri Attack,Ice Beam,Psychic,Thunderbolt
Muk,Poison,,,,,Sludge Bomb,Acid Armor,Minimize,Shadow Ball,Sludge Bomb,Shadow Ball,Poison Fang,Bite,high,low,medium,high,Weezing,high,medium,high,low,Sludge Bomb,Explosion,Smokescreen,Haze,Sludge Bomb,Explosion,Poison Fang,Shadow Ball,Swalot,medium,medium,medium,medium,Sludge Bomb,Amnesia,Body Slam,Yawn,Sludge Bomb,Body Slam,Poison Fang,Shadow Ball
Crobat,Poison,,,,,Sludge Bomb,Wing Attack,Confuse Ray,Bite,Sludge Bomb,Wing Attack,Bite,Poison Fang,high,low,medium,medium,Seviper,high,high,low,low,Poison Fang,Crunch,Glare,Screech,Poison Fang,Crunch,Sludge Bomb,Shadow Ball,Arbok,high,low,medium,medium,Acid,Glare,Bite,Wrap,Acid,Bite,Wrap,Sludge Bomb
Lugia,Psychic,Fog,1,0.6,0,Aeroblast,Hydro Pump,Psychic,Safeguard,Aeroblast,Hydro Pump,Psychic,Psybeam,medium,medium,high,high,Xatu,medium,high,low,low,Psychic,Confuse Ray,Future Sight,Teleport,Psychic,Future Sight,Psybeam,Thunderbolt,Starmie,medium,high,medium,medium,Surf,Thunderbolt,Psychic,Ice Beam,Surf,Thunderbolt,Psychic,Ice Beam
Deoxys,Psychic,,,,,Psychic,Cosmic Power,Thunderbolt,Ice Beam,Psychic,Thunderbolt,Ice Beam,Psybeam,high,high,low,low,Deoxys Attack,high,high,low,low,Psychic,Pursuit,Cosmic Power,Superpower,Psychic,Crunch,Superpower,Psybeam,Deoxys Defense,low,low,high,high,Psychic,Pursuit,Cosmic Power,Protect,Psychic,Crunch,Psybeam,Future Sight
Regirock,Rock,Sandstorm,1,0.6,0,Rock Slide,Superpower,Explosion,Curse,Rock Slide,Superpower,Explosion,AncientPower,high,low,high,high,Cradily,medium,medium,high,high,AncientPower,Razor Leaf,Confuse Ray,Amnesia,AncientPower,Razor Leaf,Rock Slide,Earthquake,Armaldo,high,low,high,medium,AncientPower,Slash,Fury Cutter,Protect,AncientPower,Slash,Fury Cutter,Rock Slide
Tyranitar,Rock,,,,,Crunch,Rock Slide,Earthquake,Dragon Dance,Crunch,Rock Slide,Earthquake,AncientPower,high,medium,high,medium,Kabutops,high,low,high,medium,Slash,AncientPower,Waterfall,Sand-Attack,Slash,AncientPower,Waterfall,Rock Slide,Omastar,low,high,high,medium,Surf,Spike Cannon,Protect,Bite,Surf,Spike Cannon,Bite,Rock Slide
Registeel,Steel,,,,,Metal Claw,Superpower,Explosion,Curse,Metal Claw,Superpower,Explosion,Meteor Mash,low,low,high,high,Magneton,low,high,high,medium,Thunderbolt,Supersonic,Lock-On,Zap Cannon,Thunderbolt,Zap Cannon,Metal Claw,Superpower,Skarmory,medium,low,high,medium,Steel Wing,Agility,Sand-Attack,Swift,Steel Wing,Swift,Metal Claw,Superpower
Jirachi,Steel,,,,,Psychic,Swift,Doom Desire,Double-Edge,Psychic,Swift,Doom Desire,Double-Edge,medium,medium,medium,medium,Metagross,high,medium,high,medium,Meteor Mash,Psychic,Agility,Earthquake,Meteor Mash,Psychic,Earthquake,Metal Claw,Steelix,medium,low,high,low,Iron Tail,Rock Slide,Sandstorm,Screech,Iron Tail,Rock Slide,Metal Claw,Superpower
Suicune,Water,Fog,1,0.6,0,Surf,Aurora Beam,Calm Mind,Crunch,Surf,Aurora Beam,Crunch,Hydro Pump,low,medium,high,high,Vaporeon,low,high,low,high,Surf,Aurora Beam,Acid Armor,Quick Attack,Surf,Aurora Beam,Quick Attack,Hydro Pump,Vaporeon,low,high,low,high,Surf,Aurora Beam,Acid Armor,Quick Attack,Surf,Aurora Beam,Quick Attack,Hydro Pump
Kyogre,Water,,,,,Surf,Ice Beam,Calm Mind,AncientPower,Surf,Ice Beam,AncientPower,Hydro Pump,medium,high,medium,high,Gorebyss,medium,high,high,low,Surf,Psychic,Agility,Amnesia,Surf,Psychic,Hydro Pump,Water Pulse,Huntail,high,medium,high,low,Crunch,Water Pulse,Scary Face,Bite,Crunch,Water Pulse,Bite,Surf
